file,bearing_model,rpm,fault_type,abs_mean,rms,peak,kurtosis,crest_factor,freq_centroid
97.mat,SKF 6205,1797,正常,0.808801373117519,0.9999999999999998,3.017756976727838,2.697642719026297,3.017756976727839,121820.50000000003
105.mat,SKF 6205,1797,内圈故障,0.746396485490213,1.0,3.3420774858425815,3.9652019321658547,3.3420774858425815,59662.99999999999
118.mat,SKF 6205,1797,滚珠故障,0.8019610621400293,0.9999999999999999,3.0362705921050552,2.824273240098061,3.0362705921050557,61133.00000000001
130.mat,SKF 6205,1797,外圈故障,0.6409573627823341,1.0,3.6724045678618844,6.087421976393821,3.6724045678618844,59409.00000000001
